Country Name,Region,Subregion,Intermediate Region,GNI,Internet use,International tourism,"Life expectancy, female","Life expectancy, male",Physicians,Population,Women in national parliament,"Tertiary education, female","Tertiary education, male",Greenhouse gas emissions,High Income Economy,GDP Per Capita,Literacy Rate,Life expectancy
Afghanistan,Asia,Southern Asia,Southern Asia,19996141020,11.44768809,,66.388,63.382,0.2782,38928341,27.01612903,4.905079842,14.20810032,98920,0,513.6653787,9.55659008,64.885
Albania,Europe,Southern Europe,Southern Europe,14541470526,69.64285467,6406000,80.201,77.002,1.2164,2837743,29.50819672,73.3405304,46.94403839,10080,0,5124.308482,60.14228439,78.6015
Algeria,Africa,0rthern Africa,0rthern Africa,1.41855E+11,49.03846808,2371000,78.133,75.676,1.7193,43851043,25.75757576,64.42080688,38.83169937,218910,0,3234.917431,51.62625313,76.9045
American Samoa,Oceania,Polynesia,Polynesia,189700000,0,52700.00076,,,0.781,55197,,,,20.7495349,0,3436.780984,0,0
Andorra,Europe,Southern Europe,Southern Europe,,91.56746703,8235000,,,3.3333,77265,46.42857143,,,590,0,0,0,0
Angola,Africa,Sub-Saharan Africa,Middle Africa,57402543636,14.33907936,218000,64.039,58.416,0.2146,32866268,30,8.453249931,10.23822975,79730,0,1746.548882,9.345739841,61.2275
Antigua and Barbuda,Americas,Latin America and the Caribbean,Caribbean,1390371092,73,1035000,78.104,75.858,2.956,97928,11.11111111,34.28886032,15.26887989,1210,1,14197.89123,24.77887011,76.981
Argentina,Americas,Latin America and the Caribbean,South America,3.72835E+11,74.29490687,7399000,79.995,73.242,3.9901,45376763,40.85603113,112.798439,67.77472687,365650,0,8216.432923,90.28658295,76.6185
Armenia,Asia,Western Asia,Western Asia,12446598217,68.24505226,1894000,78.516,71.327,4.4023,2963234,23.48484848,59.44847107,44.38237,9360,0,4200.342672,51.91542053,74.9215
Aruba,Americas,Latin America and the Caribbean,Caribbean,2991584752,97.17,1951000,78.641,73.768,1.12,106766,,20.69791985,10.66734982,616.928696,1,28020.01341,15.68263483,76.2045
Australia,Oceania,Australia and New Zealand,Australia and New Zealand,1.30313E+12,86.54504885,9466000,85,80.9,3.6778,25687041,30.46357616,124.4397583,91.83286285,615380,1,50730.94114,108.1363106,82.95
Austria,Europe,Western Europe,Western Europe,4.47295E+11,87.75220479,31884000,84.2,79.5,5.1697,8917205,39.3442623,94.63156128,79.20825195,74980,1,50160.8964,86.91990662,81.85
Azerbaijan,Asia,Western Asia,Western Asia,42150898471,79.79999549,3170000,75.455,70.511,3.446,10110116,17.3553719,34.01358032,29.31668091,80260,0,4169.180499,31.66513062,72.983
"Bahamas, The",Americas,Latin America and the Caribbean,Caribbean,10816902727,85,7250000,76.081,71.659,2.0068,393248,12.82051282,22.13735008,8.179639816,2640,1,27506.56768,15.15849495,73.87
Bahrain,Asia,Western Asia,Western Asia,36313430851,99.70150438,11061000,78.423,76.436,0.9257,1701583,15,73.91719818,41.01493073,48950,1,21340.96947,57.46606445,77.4295
Bangladesh,Asia,Southern Asia,Southern Asia,3.38933E+11,12.9,323000,74.595,70.877,0.5809,164689383,20.91690544,20.01847076,27.86776924,198970,0,2058.014017,23.94312,72.736
Barbados,Americas,Latin America and the Caribbean,Caribbean,4184197640,81.76077839,966000,80.482,77.814,2.4843,287371,20,90.5716095,40.33462906,3790,1,14560.26405,65.45311928,79.148
Belarus,Europe,Eastern Europe,Eastern Europe,57647179087,82.78915209,11832000,79.4,69.3,5.1905,9398861,40,95.0921402,80.17623901,88140,0,6133.421814,87.63418961,74.35
Belgium,Europe,Western Europe,Western Europe,5.39739E+11,90.37051309,9343000,84,79.6,3.0709,11555997,41.33333333,89.73699951,68.54914093,108750,1,46706.3564,79.14307022,81.8
Belize,Americas,Latin America and the Caribbean,Central America,1605121126,47.0826258,1674000,77.843,71.65,1.1229,397621,9.677419355,31.31575012,18.66002083,1560,0,4036.811752,24.98788548,74.7465
Benin,Africa,Sub-Saharan Africa,Western Africa,15488837235,14.11901233,337000,63.324,60.201,0.0791,12123198,7.228915663,7.94633007,17.0004406,17380,0,1277.619753,12.47338533,61.7625
Bermuda,Americas,0rthern America,0rthern America,7587978000,98.37,805000,85.79,78.13,1.766,63903,,22.90533066,15.28361034,932.164785,1,118742.1248,19.0944705,81.96
Bhutan,Asia,Southern Asia,Southern Asia,2194394782,41.77264453,316000,72.176,71.405,0.4242,771612,14.89361702,16.97265053,15.97813988,2470,0,2843.90961,16.4753952,71.7905
Bolivia,Americas,Latin America and the Caribbean,South America,36171181928,44.28614216,1239000,74.508,68.684,1.5901,11673029,46.15384615,,,56870,0,3098.69717,0,71.596
Bosnia and Herzegovina,Europe,Southern Europe,Southern Europe,19854234712,69.94634763,1198000,79.857,74.893,2.1616,3280815,26.19047619,48.49008179,32.39720154,27190,0,6051.61666,40.44364166,77.375
Botswana,Africa,Sub-Saharan Africa,Southern Africa,14523517160,41.41379464,1830000,72.386,66.485,0.5269,2351625,10.76923077,29.93086052,20.29845047,16120,0,6175.949465,25.11465549,69.4355
Brazil,Americas,Latin America and the Caribbean,South America,1.41707E+12,70.43428254,6353000,79.555,72.243,2.1643,212559409,14.61988304,49.34313965,37.57003021,1032640,0,6666.694736,43.45658493,75.899
British Virgin Islands,Americas,Latin America and the Caribbean,Caribbean,,77.70426829,302399.9939,,,,30237,,20.94339943,11.65587044,75.150653,0,0,16.29963493,0
Brunei Darussalam,Asia,South-eastern Asia,South-eastern Asia,13830513708,95,333000,77.106,74.728,1.609,437483,9.090909091,38.76974869,24.91083908,16620,1,31613.83118,31.84029388,75.917
Bulgaria,Europe,Eastern Europe,Eastern Europe,67448118627,67.94698094,12552000,78.5,71.5,4.0332,6927288,26.66666667,79.33702087,64.19235229,53330,0,9736.583585,71.76468658,75
Burkina Faso,Africa,Sub-Saharan Africa,Western Africa,16664828374,15.87620691,143000,62.294,60.739,0.0847,20903278,6.299212598,5.082520008,9.0479002,30850,0,797.2351692,7.065210104,61.5165
Burundi,Africa,Sub-Saharan Africa,Eastern Africa,3274862978,2.660748535,299000,63.377,59.764,0.1001,11890781,38.21138211,3.07171011,5.052259922,5520,0,275.4119328,4.061985016,61.5705
Cabo Verde,Africa,Sub-Saharan Africa,Western Africa,1665037015,57.16214635,758000,76.197,69.526,0.7814,555988,25,28.34651947,19.04476929,830,0,2994.735525,23.69564438,72.8615
Cambodia,Asia,South-eastern Asia,South-eastern Asia,24280926776,40.5459865,6611000,71.909,67.538,0.1927,16718971,20,14.30465031,15.16370964,37460,0,1452.297918,14.73417997,69.7235
Cameroon,Africa,Sub-Saharan Africa,Middle Africa,39216657303,23.20297197,997000,60.561,58.029,0.0881,26545864,33.88888889,13.40384007,15.12481022,89050,0,1477.317043,14.26432514,59.295
Canada,Americas,0rthern America,0rthern America,1.62383E+12,92.70137191,32430000,84.2,80,2.6102,38005238,28.99408284,80.57795715,60.16537094,724930,1,42726.53887,70.37166405,82.1
Cayman Islands,Americas,Latin America and the Caribbean,Caribbean,4493181807,81.06769325,2334000,84.7,79.8,1.939,65720,,40.30809021,18.02029991,300.260998,1,68368.56067,29.16419506,82.25
Central African Republic,Africa,Sub-Saharan Africa,Middle Africa,2456787987,4.339254945,109000,55.514,51.081,0.0721,4829764,8.571428571,1.601019979,4.364180088,55680,0,508.6766116,2.982600033,53.2975
Chad,Africa,Sub-Saharan Africa,Middle Africa,9948225336,6.49999812,87000,55.669,52.835,0.0434,16425859,15.43209877,1.45915997,5.031829834,80680,0,605.6441453,3.245494902,54.252
Channel Islands,,,,10888355342,,,84.915,81.173,1.522,173859,,,,,1,62627.50471,0,83.044
Chile,Americas,Latin America and the Caribbean,South America,2.42005E+11,82.32748693,5431000,82.442,77.771,2.5912,19116209,22.58064516,97.89286041,84.11824036,109590,0,12659.67532,91.00555038,80.1065
China,Asia,Eastern Asia,Eastern Asia,1.46237E+13,54.3,162538000,79.244,74.761,1.9798,1402112000,24.94117647,59.46992111,48.72491837,12355240,0,10429.75262,54.09741974,77.0025
Colombia,Americas,Latin America and the Caribbean,South America,2.65961E+11,65.00690072,4529000,80.019,74.528,2.1848,50882884,18.34319527,59.72433853,51.09033966,184100,0,5226.925183,55.4073391,77.2735
Comoros,Africa,Sub-Saharan Africa,Eastern Africa,1227286591,8.478170295,45099.99847,66.121,62.587,0.2715,869595,16.66666667,8.048789978,9.912739754,590,0,1411.331241,8.980764866,64.354
"Congo, Dem. Rep.",Africa,Sub-Saharan Africa,Middle Africa,48596099296,8.619904916,351000,62.233,59.147,0.074,89561404,12.8,4.73100996,8.466059685,58700,0,542.6009098,6.598534822,60.69
"Congo, Rep.",Africa,Sub-Saharan Africa,Middle Africa,9312877438,8.65,158000,66.023,63.082,0.1645,5518092,11.25827815,10.14620018,15.17201996,9370,0,1687.698835,12.65911007,64.5525
Costa Rica,Americas,Latin America and the Caribbean,Central America,58035887491,81.20259644,3366000,82.893,77.739,2.8939,5094114,45.61403509,63.61806107,51.9770813,15810,0,11392.73434,57.79757118,80.316
Cote d'Ivoire,Africa,Sub-Saharan Africa,Western Africa,59585159229,36.45378947,2070000,59.119,56.593,0.2314,26378275,11.37254902,7.635499954,11.06147957,22900,0,2258.872471,9.348489761,57.856
Croatia,Europe,Southern Europe,Southern Europe,56213927132,79.07978368,60021000,81.6,75.4,2.9996,4047200,31.12582781,79.05442047,56.78118134,22550,1,13889.58468,67.9178009,78.5
Cuba,Americas,Latin America and the Caribbean,Caribbean,90086000000,61.83630006,4276000,80.779,76.84,8.4218,11326616,53.2231405,51.0078392,32.28290176,41860,0,7953.47878,41.64537048,78.8095
Curacao,Americas,Latin America and the Caribbean,Caribbean,3234078212,68.12721625,1293000,81.5,74.7,,155014,,29.58909035,12.99602985,,1,20863.13631,21.2925601,78.1
Cyprus,Asia,Western Asia,Western Asia,22802068532,86.06362996,4117000,83.032,78.921,1.9509,1207361,19.64285714,84.49549866,78.03450012,8600,1,18885.87467,81.26499939,80.9765
Czech Republic,Europe,Eastern Europe,Eastern Europe,2.3527E+11,80.86694441,36268000,82.1,76.3,4.1208,10698896,22.5,74.52980804,53.49834824,122840,1,21990.12157,64.01407814,79.2
Denmark,Europe,0rthern Europe,0rthern Europe,3.65688E+11,98.04643475,32903000,83.2,79.3,4.0099,5831404,39.66480447,94.43289185,68.65917206,45870,1,62710.12401,81.54603195,81.25
Djibouti,Africa,Sub-Saharan Africa,Eastern Africa,3288872887,55.68140925,63000,69.357,65.116,0.2237,988002,26.15384615,4.568019867,6.025869846,1480,0,3328.811973,5.296944857,67.2365
Dominica,Americas,Latin America and the Caribbean,Caribbean,483678597,69.61966879,322000,78.8,74.5,1.1189,71991,34.375,7.250080109,7.219099998,240,0,6718.598116,7.234590054,76.65
Dominican Republic,Americas,Latin America and the Caribbean,Caribbean,74984131332,74.82428986,7550000,77.381,70.991,1.56,10847904,27.89473684,77.01242065,42.98213959,39060,0,6912.315165,59.99728012,74.186
Ecuador,Americas,Latin America and the Caribbean,South America,95950843000,54.06292473,2108000,79.838,74.282,2.0368,17643060,39.41605839,48.39746857,41.5069809,65680,0,5438.446789,44.95222473,77.06
"Egypt, Arab Rep.",Africa,0rthern Africa,0rthern Africa,3.51715E+11,57.28286878,13026000,74.35,69.742,0.4521,102334403,27.41116751,35.77687836,34.57846069,329220,0,3436.920868,35.17766953,72.046
El Salvador,Americas,Latin America and the Caribbean,Central America,23324940000,33.8207289,2639000,77.842,68.455,1.5662,6486201,33.33333333,31.14780045,27.54276085,12350,0,3596.086523,29.34528065,73.1485
Equatorial Guinea,Africa,Sub-Saharan Africa,Middle Africa,7454529309,26.23999996,,59.918,57.743,0.4017,1402985,21,1.224570036,2.385099888,19270,0,5313.335003,1.804834962,58.8305
Eritrea,Africa,Sub-Saharan Africa,Eastern Africa,2041455161,1.30890698,142000,68.555,64.153,0.0628,3213969,22,2.785609961,3.928780079,7480,0,635.18197,3.35719502,66.354
Estonia,Europe,0rthern Europe,0rthern Europe,30759017474,89.53232756,6103000,82.8,74.4,4.4833,1331057,28.71287129,85.34838104,56.31224823,18610,1,23108.71546,70.83031464,78.6
Eswatini,Africa,Sub-Saharan Africa,Southern Africa,3751567729,30.3,1226000,64.845,56.007,0.3285,1160164,9.589041096,6.563769817,6.950449944,3120,0,3233.65294,6.75710988,60.426
Ethiopia,Africa,Sub-Saharan Africa,Eastern Africa,1.07062E+11,18.61805145,812000,68.536,64.694,0.0769,114963583,38.75685558,5.263140202,10.8920002,172230,0,931.2708989,8.0775702,66.615
Faroe Islands,Europe,0rthern Europe,0rthern Europe,3219884847,97.58195894,,85,80.6,,48865,,,,,1,65893.47892,0,82.8
Fiji,Oceania,Melanesia,Melanesia,4114600096,49.96637301,969000,69.331,65.698,0.86,896444,19.60784314,17.60470009,14.74693012,2820,0,4589.913142,16.17581511,67.5145
Finland,Europe,0rthern Europe,0rthern Europe,2.74197E+11,89.60738511,3290000,84.5,79.2,3.8118,5530719,46,98.06279755,82.81041718,54490,1,49577.05139,90.43660736,81.85
France,Europe,Western Europe,Western Europe,2.77181E+12,83.33974409,211998000,85.6,79.7,3.2672,67391582,39.51473137,75.21047974,60.34038162,423350,1,41129.91338,67.77543068,82.65
French Polynesia,Oceania,Polynesia,Polynesia,3447543138,72.70389531,300000,79.898,75.612,1.697,280904,,,,1020.73382,0,12273.02971,0,77.755
Gabon,Africa,Sub-Saharan Africa,Middle Africa,14503352951,50.32012015,526000,68.669,64.382,0.6819,2225728,14.78873239,6.12375021,10.42722988,7460,0,6516.228826,8.275490046,66.5255
"Gambia, The",Africa,Sub-Saharan Africa,Western Africa,1868469062,19.83645444,619000,63.481,60.656,0.1021,2416664,8.620689655,2.244820118,3.209480047,2790,0,773.1604651,2.727150083,62.0685
Georgia,Asia,Western Asia,Western Asia,15137018591,68.84671356,7726000,78.14,69.349,7.1201,3714000,20.66666667,68.11850739,60.15990067,16900,0,4075.664672,64.13920403,73.7445
Germany,Europe,Western Europe,Western Europe,3.91447E+12,88.13451691,39563000,83.4,78.6,4.2488,83240525,31.17066291,71.48545074,69.28555298,806090,1,47026.01938,70.38550186,81
Ghana,Africa,Sub-Saharan Africa,Western Africa,70776627999,37.88415262,897000,65.177,62.991,0.1359,31072945,13.09090909,15.77715015,18.6248703,44500,0,2277.757322,17.20101023,64.084
Gibraltar,Europe,Southern Europe,Southern Europe,,94.44447158,,,,,33691,,,,146.733922,0,0,0,0
Greece,Europe,Southern Europe,Southern Europe,2.03645E+11,75.67120669,34005000,84.5,79.5,5.4789,10715549,21.66666667,142.882431,142.8231506,84750,1,19004.62523,142.8527908,82
Greenland,Americas,0rthern America,0rthern America,2042180080,69.48246178,,73.04,68.32,1.135,56367,,,,,1,36230.0651,0,70.68
Grenada,Americas,Latin America and the Caribbean,Caribbean,984811682.9,59.07173536,526000,74.953,70.073,1.4067,112519,46.66666667,116.2242584,93.20107269,2360,0,8752.403442,104.7126656,72.513
Guam,Oceania,Micronesia,Micronesia,,80.50546556,1667000,83.55,76.828,1.084,168783,,,,59.5164813,0,0,0,80.189
Guatemala,Americas,Latin America and the Caribbean,Central America,76206231567,40.70304908,2560000,77.151,71.382,0.3549,16858333,19.375,23.55789948,20.04137039,35400,0,4520.389505,21.79963493,74.2665
Guinea,Africa,Sub-Saharan Africa,Western Africa,14340050917,21.83002304,99000,62.117,60.855,0.0832,13132792,16.66666667,6.990009785,16.20155907,28890,0,1091.927057,11.59578443,61.486
Guinea-Bissau,Africa,Sub-Saharan Africa,Western Africa,1456255017,3.930509152,52400.00153,60.213,56.305,0.1274,1967998,13.7254902,0.060710002,0.973779976,2800,0,739.967732,0.517244989,58.259
Guyana,Americas,Latin America and the Caribbean,South America,4266532421,37.32583679,315000,73.095,66.927,0.8023,786559,35.71428571,15.38761997,7.78786993,5040,0,5424.300556,11.58774495,70.011
Haiti,Americas,Latin America and the Caribbean,Caribbean,13446602203,32.47362713,938000,66.182,61.831,0.2343,11402533,2.542372881,0.533599973,1.594889998,9930,0,1179.264485,1.064244986,64.0065
Honduras,Americas,Latin America and the Caribbean,Central America,22201408353,32.13636364,2315000,77.551,72.96,0.3089,9904608,21.09375,30.28330994,22.18382072,22400,0,2241.523173,26.23356533,75.2555
"Hong Kong SAR, China",Asia,Eastern Asia,Eastern Asia,3.65719E+11,91.74340039,55913000,88.1,82.2,1.319,7481800,,85.4701004,76.69708252,36448.702,1,48881.1787,81.08359146,85.15
Hungary,Europe,Eastern Europe,Eastern Europe,1.5923E+11,80.37169361,61397000,79.3,72.9,3.4075,9749763,12.06030151,55.56222916,45.30236053,60920,1,16331.64206,50.43229485,76.1
Iceland,Europe,0rthern Europe,0rthern Europe,24634234578,99.01095399,2202000,84.2,81,4.0778,366425,38.0952381,95.70391846,51.7650795,3440,1,67228.58587,73.73449898,82.6
India,Asia,Southern Asia,Southern Asia,2.5983E+12,20.08130004,17914000,70.95,68.464,0.8571,1380004385,14.36464088,30.21796036,27.11051941,3374990,0,1882.819561,28.66423988,69.707
Indonesia,Asia,South-eastern Asia,South-eastern Asia,1.02992E+12,47.69064898,16107000,73.967,69.572,0.4269,273523621,20.34782609,38.99365997,33.75196075,969580,0,3765.376323,36.37281036,71.7695
"Iran, Islamic Rep.",Asia,Southern Asia,Southern Asia,1.92237E+11,70.00455222,9107000,77.885,75.593,1.5844,83992953,5.594405594,58.91133881,66.60736084,828280,0,2288.733592,62.75934982,76.739
Iraq,Asia,Western Asia,Western Asia,1.65414E+11,75.00000131,892000,72.652,68.565,0.7079,40222503,26.443769,11.98538017,20.12871933,215690,0,4112.478517,16.05704975,70.6085
Ireland,Europe,0rthern Europe,0rthern Europe,3.08373E+11,84.52230206,10951000,84.3,80.4,3.3125,4994724,22.5,82.06006622,72.70329285,65090,1,61739.77171,77.38167953,82.35
Isle of Man,Europe,0rthern Europe,0rthern Europe,7111914610,,,81.5,74.6,1.449,85032,,,,,1,83638.09636,0,78.05
Israel,Asia,Western Asia,Western Asia,3.92787E+11,86.78787762,4905000,84.7,81,4.6249,9216900,27.5,72.55491638,50.97639847,87830,1,42615.94309,61.76565742,82.85
Italy,Europe,Southern Europe,Southern Europe,1.90593E+12,74.38718292,95399000,85.4,81.1,3.9774,59554023,35.71428571,74.12349701,55.17591858,399600,1,32003.41774,64.64970779,83.25
Jamaica,Americas,Latin America and the Caribbean,Caribbean,13253010658,55.07206705,4233000,76.118,72.868,1.3061,2961161,28.57142857,34.69338989,19.88180923,10020,0,4475.612997,27.28759956,74.493
Japan,Asia,Eastern Asia,Eastern Asia,5.25243E+12,91.28160849,31882000,87.45,81.41,2.4115,125836021,9.892473118,,,1186770,1,41740.242,0,84.43
Jordan,Asia,Western Asia,Western Asia,43567236740,66.79031443,5361000,76.306,72.839,2.3237,10203140,11.53846154,37.37089157,31.51004028,35810,0,4269.983235,34.44046593,74.5725
Kazakhstan,Asia,Central Asia,Central Asia,1.54905E+11,81.87762554,8515000,77.3,68.82,3.98,18754440,27.10280374,68.44193268,55.38415146,274220,0,8259.66655,61.91304207,73.06
Kenya,Africa,Sub-Saharan Africa,Eastern Africa,97005399322,22.56511937,2049000,69.049,64.313,0.1565,53771300,21.7765043,9.730540276,13.20053005,78830,0,1804.036713,11.46553516,66.681
Kiribati,Oceania,Micronesia,Micronesia,350973780.2,14.58181818,12000,72.342,64.248,0.2039,119446,8.888888889,,,110,0,2938.34687,0,68.295
"Korea, Dem. People's Rep.",Asia,Eastern Asia,Eastern Asia,,0,,75.744,68.615,3.6834,25778815,17.61280932,18.05063057,35.22000122,41910,0,0,26.6353159,72.1795
"Korea, Rep.",Asia,Eastern Asia,Eastern Asia,1.64399E+12,96.15758265,17503000,86.3,80.3,2.3608,51780579,19,84.94790649,105.8117294,718880,1,31749.21007,95.37981796,83.3
Kosovo,Europe,Southern Europe,Southern Europe,7798607179,89.44303197,,74.8,70.3,,1775378,,,,,0,4392.646062,0,72.55
Kuwait,Asia,Western Asia,Western Asia,1.54472E+11,99.54267645,8565000,76.58,74.76,2.6463,4270563,6.349206349,76.47447968,37.2107811,112970,1,36171.31908,56.84263039,75.67
Kyrgyz Republic,Asia,Central Asia,Central Asia,7406338903,38.19903776,8508000,75.8,67.6,2.213,6591600,16.52173913,47.44448853,37.38893127,18120,0,1123.602601,42.4167099,71.7
Lao PDR,Asia,South-eastern Asia,South-eastern Asia,18094142644,25.51043508,4791000,69.746,66.142,0.3726,7275556,27.51677852,15.25498009,13.66650963,29270,0,2486.977304,14.46074486,67.944
Latvia,Europe,0rthern Europe,0rthern Europe,33621087276,86.13545644,8342000,79.9,70.8,3.1905,1901548,30,111.8452072,75.43283081,11660,1,17680.90381,93.63901901,75.35
Leba0n,Asia,Western Asia,Western Asia,32478246858,78.18077489,1936000,80.869,77.14,2.1038,6825442,4.6875,20.60387039,31.82856941,34350,0,4758.409325,26.2162199,79.0045
Lesotho,Africa,Sub-Saharan Africa,Southern Africa,2098178810,29.78780333,1142000,57.58,51.201,0.0692,2142252,23.33333333,12.39754963,8.018039703,5850,0,979.4267015,10.20779467,54.3905
Liberia,Africa,Sub-Saharan Africa,Western Africa,2589500411,7.984479722,,65.497,62.715,0.0376,5057677,12.32876712,9.151920319,14.65242004,9200,0,511.9940262,11.90217018,64.106
Libya,Africa,0rthern Africa,0rthern Africa,26353277728,21.75892062,760000,75.951,70.097,2.0905,6871287,15.95744681,63.63853073,57.49721909,103040,0,3835.275361,60.56787491,73.024
Liechtenstein,Europe,Western Europe,Western Europe,7054504551,99.54661245,98099.99847,85.5,80.7,,38137,12,27.59090996,48.83721161,180,1,184977.9624,38.21406078,83.1
Lithuania,Europe,0rthern Europe,0rthern Europe,52738342285,81.58186838,6150000,81,71.5,6.3528,2794700,26.95035461,85.7025528,62.43534088,18840,1,18870.84205,74.06894684,76.25
Luxembourg,Europe,Western Europe,Western Europe,45156061646,97.06129871,1041000,84.7,80.3,3.009,632275,30,19.96397972,17.3039608,10220,1,71418.38859,18.63397026,82.5
"Macao SAR, China",Asia,Eastern Asia,Eastern Asia,48827470417,86.46792571,39406000,87.179,81.281,1.562,649342,,115.8118362,85.10346985,820.329836,1,75195.30604,100.457653,84.23
Madagascar,Africa,Sub-Saharan Africa,Eastern Africa,13302769993,4.713662899,486000,68.682,65.417,0.1812,27691019,17.8807947,5.214149952,5.487370014,30570,0,480.4001612,5.350759983,67.0495
Malawi,Africa,Sub-Saharan Africa,Eastern Africa,11770810654,13.78216439,871000,67.413,61.101,0.0358,19129955,22.91666667,0.635389984,1.018350005,18320,0,615.3078067,0.826869994,64.257
Malaysia,Asia,South-eastern Asia,South-eastern Asia,3.30425E+11,84.21322418,26101000,78.317,74.234,1.5358,32365998,14.86486486,48.74293137,37.71022034,306670,0,10209.02204,43.22657585,76.2755
Maldives,Asia,Southern Asia,Southern Asia,3759281687,63.18566588,1703000,80.779,77.523,4.5627,540542,4.597701149,59.77832031,16.61779022,2380,0,6954.652344,38.19805527,79.151
Mali,Africa,Sub-Saharan Africa,Western Africa,16749289498,12.72064096,217000,60.085,58.529,0.1286,20250834,27.89115646,3.234220028,7.737530231,43740,0,827.0913434,5.48587513,59.307
Malta,Europe,Southern Europe,Southern Europe,13329361715,85.77859638,3519000,84.7,80.6,2.8598,525285,13.43283582,68.76969147,50.39825821,2040,1,25375.48515,59.58397484,82.65
Marshall Islands,Oceania,Micronesia,Micronesia,292637300,38.70116262,6099.999905,67.8,62.8,0.4233,59194,6.060606061,27.40300941,24.34725952,240,0,4943.698686,25.87513447,65.3
Mauritania,Africa,Sub-Saharan Africa,Western Africa,7746329271,20.80096366,30000,66.515,63.305,0.1865,4649660,20.26143791,4.360280037,7.128009796,14080,0,1665.999078,5.744144917,64.91
Mauritius,Africa,Sub-Saharan Africa,Eastern Africa,11895691998,63.99989817,1418000,77.56,71.07,2.5331,1265740,20,47.45722961,33.86000824,6740,0,9398.211321,40.65861893,74.315
Mexico,Americas,Latin America and the Caribbean,Central America,1.03839E+12,70.06991047,97406000,77.879,72.203,2.3827,128932753,48.2,42.30899811,40.74708176,679880,0,8053.763625,41.52803993,75.041
"Micronesia, Fed. Sts.",Oceania,Micronesia,Micronesia,463133500,35.30405287,18000,69.596,66.232,0.177,115021,0,20.96681976,23.84087944,270,0,4026.51255,22.4038496,67.914
Moldova,Europe,Eastern Europe,Eastern Europe,12386780905,76.12451989,174000,76.157,67.624,3.2066,2617820,24.75247525,45.18466187,33.52642059,13180,0,4731.716048,39.35554123,71.8905
Monaco,Europe,Western Europe,Western Europe,,97.05297684,363000,,,7.5067,39244,33.33333333,,,,0,0,0,0
Mongolia,Asia,Eastern Asia,Eastern Asia,11870689059,51.07999408,637000,74.142,65.799,2.8592,3278292,17.33333333,76.65812683,54.68325043,52620,0,3620.998087,65.67068863,69.9705
Montenegro,Europe,Southern Europe,Southern Europe,4848798063,73.47666575,2510000,79.303,74.441,2.7557,621718,22.22222222,62.40800095,46.58414078,3800,0,7799.031173,54.49607086,76.872
Morocco,Africa,0rthern Africa,0rthern Africa,1.11167E+11,74.37631447,13109000,77.895,75.423,0.7308,36910558,20.50632911,39.05136108,38.06085968,94290,0,3011.799725,38.55611038,76.659
Mozambique,Africa,Sub-Saharan Africa,Eastern Africa,13558723676,20.7740003,2033000,63.671,57.782,0.0838,31255435,42.4,6.533639908,8.108229637,35040,0,433.8037105,7.320934772,60.7265
Myanmar,Asia,South-eastern Asia,South-eastern Asia,73922116986,23.62108195,4364000,70.119,64.046,0.677,54409794,16.82539683,21.98386955,15.63253021,119650,0,1358.617843,18.80819988,67.0825
Namibia,Africa,Sub-Saharan Africa,Southern Africa,10518846493,36.83740647,1651000,66.516,60.685,0.4182,2540916,43.26923077,30.2642498,15.31023026,11930,0,4139.785217,22.78724003,63.6005
Nauru,Oceania,Micronesia,Micronesia,174152481.8,62.38512451,,,,1.3462,10834,10.52631579,,,80,1,16074.62449,0,0
Nepal,Asia,Southern Asia,Southern Asia,34053537649,21.40351043,1197000,72.208,69.259,0.7486,29136808,32.72727273,13.68988037,12.94217968,51240,0,1168.746338,13.31603003,70.7335
Netherlands,Europe,Western Europe,Western Europe,9.106E+11,93.2885906,20129000,83.6,80.5,3.6054,17441139,33.33333333,92.85855103,81.59803772,178640,1,52209.86986,87.22829437,82.05
New Caledonia,Oceania,Melanesia,Melanesia,2682347064,82.0058408,474000,80.4,75,1.982,271960,,,,1324.33131,0,9863.020534,0,77.7
New Zealand,Oceania,Australia and New Zealand,Australia and New Zealand,2.03901E+11,90.81109307,3888000,83.5,80,3.5898,5084300,48.33333333,99.13540649,67.7351532,81330,1,40104.01638,83.43527985,81.75
Nicaragua,Americas,Latin America and the Caribbean,Central America,12257976087,27.86304001,1455000,77.982,70.944,0.9775,6624554,47.25274725,18.35017014,16.51469994,19070,0,1850.385111,17.43243504,74.463
Niger,Africa,Sub-Saharan Africa,Western Africa,13156292048,5.250487687,192000,63.621,61.281,0.0433,24206636,16.95906433,3.274139881,5.144690037,45050,0,543.4993961,4.209414959,62.451
Nigeria,Africa,Sub-Saharan Africa,Western Africa,4.16521E+11,7.469439317,5265000,55.619,53.789,0.3806,206139587,7.222222222,8.30039978,11.99584007,311450,0,2020.577802,10.14811993,54.704
0rth Macedonia,Europe,Southern Europe,Southern Europe,11797104839,79.16775519,758000,77.846,73.794,2.8736,2083380,39.16666667,49.24562073,37.32403183,10510,0,5662.483483,43.28482628,75.82
0rthern Mariana Islands,Oceania,Micronesia,Micronesia,,0,487000,,,0.445,57557,,,,4.8212886,0,0,0,0
0rway,Europe,0rthern Europe,0rthern Europe,3.78194E+11,98.00000439,5879000,84.7,81.2,2.9164,5379475,41.42011834,99.69017792,67.41017151,47340,1,70303.10996,83.55017471,82.95
Oman,Asia,Western Asia,Western Asia,70189256796,92.40844424,3506000,80.343,76.127,2.0031,5106622,2.325581395,55.32564163,29.73579979,82300,1,13744.75275,42.53072071,78.235
Pakistan,Asia,Southern Asia,Southern Asia,2.58005E+11,17.07090203,966000,68.287,66.337,0.9801,220892331,20.1754386,8.320440292,9.554030418,431220,0,1168.010453,8.937235355,67.312
Palau,Oceania,Micronesia,Micronesia,286202700,26.97033263,94000,72.1,66.3,1.4205,18092,6.25,66.4021225,43.91727066,320,1,15819.29582,55.15969658,69.2
Panama,Americas,Latin America and the Caribbean,Central America,49446497565,63.62841477,2494000,81.756,75.421,1.5687,4314768,22.53521127,58.59022141,37.3071785,18010,0,11459.82763,47.94869995,78.5885
Papua New Guinea,Oceania,Melanesia,Melanesia,23142440303,11.20919659,211000,65.82,63.271,0.0699,8947027,0,1.282699943,2.249959946,22970,0,2586.606736,1.766329944,64.5455
Paraguay,Americas,Latin America and the Caribbean,South America,34155784530,68.51762842,4368000,76.396,72.263,1.3544,7132530,16.25,40.88206863,28.64208984,49170,0,4788.733385,34.76207924,74.3295
Peru,Americas,Latin America and the Caribbean,South America,1.95376E+11,59.9505036,5275000,79.507,74.06,1.3048,32971846,26.15384615,72.67321014,68.73429871,96280,0,5925.529076,70.70375443,76.7835
Philippines,Asia,South-eastern Asia,South-eastern Asia,3.89324E+11,43.02661187,8261000,75.505,67.263,0.6004,109581085,27.96052632,40.41902161,30.77703094,232340,0,3552.838698,35.59802628,71.384
Poland,Europe,Eastern Europe,Eastern Europe,5.761E+11,84.51645192,88515000,81.8,74.1,2.3788,37950802,28.69565217,82.98145294,54.81766129,389650,1,15180.18414,68.89955711,77.95
Portugal,Europe,Southern Europe,Southern Europe,2.27792E+11,75.34637155,17174000,83.5,78,5.124,10305564,40,70.0112381,61.28699875,66820,1,22103.82437,65.64911842,80.75
Puerto Rico,Americas,Latin America and the Caribbean,Caribbean,70186900000,70.8743212,4931000,83.498,76.529,1.75,3194034,,135.1589966,85.67967224,2857.9248,1,21974.37472,110.4193344,80.0135
Qatar,Asia,Western Asia,Western Asia,1.43321E+11,99.65280421,2136500,82.01,79.142,2.4852,2881060,9.756097561,56.57088089,7.322060108,99830,1,49745.96723,31.9464705,80.576
Romania,Europe,Eastern Europe,Eastern Europe,2.44536E+11,73.65748258,12815000,79.3,71.8,2.9807,19286123,21.88449848,57.41595078,45.0736618,109010,0,12679.38026,51.24480629,75.55
Russian Federation,Europe,Eastern Europe,Eastern Europe,1.4487E+12,82.64216187,24419000,78.17,68.24,4.0139,144104080,15.77777778,91.72387695,77.75325012,2543400,0,10053.18251,84.73856354,73.205
Rwanda,Africa,Sub-Saharan Africa,Eastern Africa,10097234351,21.76763262,1634000,71.132,66.821,0.134,12952209,61.25,5.682020187,6.799280167,6170,0,779.5762369,6.240650177,68.9765
Samoa,Oceania,Polynesia,Polynesia,783561272.1,33.61093932,181000,75.464,71.324,0.3445,198410,10,20.30426025,9.585889816,690,0,3949.202521,14.94507504,73.394
San Mari0,Europe,Southern Europe,Southern Europe,,60.18230126,1904000,86.8,84.1,6.1094,33938,33.33333333,44.41687012,57.62514877,,0,0,51.02100945,85.45
Sao Tome and Principe,Africa,Sub-Saharan Africa,Middle Africa,471514468.1,29.9312292,33400.00153,72.814,67.98,0.0531,219161,23.63636364,13.65163994,13.1232996,190,0,2151.452439,13.38746977,70.397
Saudi Arabia,Asia,Western Asia,Western Asia,7.15551E+11,95.7247356,20292000,76.759,73.935,2.6117,34813867,19.86754967,73.68267059,68.33580017,638120,1,20553.63231,71.00923538,75.347
Senegal,Africa,Sub-Saharan Africa,Western Africa,24309777732,29.64312367,1376000,69.918,65.757,0.0691,16743930,43.03030303,11.26286983,15.01334953,29990,0,1451.856149,13.13810968,67.8375
Serbia,Europe,Southern Europe,Southern Europe,51360419698,77.41677362,1847000,78.4,73.1,3.1131,6908224,38.8,79.28404236,56.96517944,62600,0,7434.677813,68.1246109,75.75
Seychelles,Africa,Sub-Saharan Africa,Eastern Africa,1064318182,58.76981124,428000,78.4,69.7,2.1212,98462,24.24242424,26.73299026,12.02186012,780,0,10809.43086,19.37742519,74.05
Sierra Leone,Africa,Sub-Saharan Africa,Western Africa,3720678059,13.23693043,71000,55.495,53.853,0.0251,7976985,12.32876712,1.142809987,2.753139973,7190,0,466.4266085,1.94797498,54.674
Singapore,Asia,South-eastern Asia,South-eastern Asia,2.98439E+11,88.94925269,19116000,85.7,81.4,2.2936,5685807,29.47368421,95.41782379,82.91300201,66640,1,52488.45519,89.1654129,83.55
Sint Maarten (Dutch part),Americas,Latin America and the Caribbean,Caribbean,1159301620,,1952000,82.8,74,,40812,,8.962260246,2.646500111,,1,28405.90072,5.804380178,78.4
Slovak Republic,Europe,Eastern Europe,Eastern Europe,1.02777E+11,82.8536605,15406000,80.8,74.3,3.4156,5458827,22.66666667,54.88909912,36.30809021,39930,1,18827.69424,45.59859467,77.55
Slovenia,Europe,Southern Europe,Southern Europe,53306118486,83.1083578,4702000,84.2,78.5,3.0861,2100126,27.77777778,91.63233948,63.47811127,17170,1,25382.34301,77.55522537,81.35
Solomon Islands,Oceania,Melanesia,Melanesia,1587694451,11.92422906,28899.99962,74.866,71.3,0.1937,686878,6.382978723,,,940,0,2311.464992,0,73.083
Somalia,Africa,Sub-Saharan Africa,Eastern Africa,4882094593,2.004048698,,59.132,55.725,0.023,15893219,24.36363636,0.975910008,3.930560112,26970,0,307.1809803,2.45323506,57.4285
South Africa,Africa,Sub-Saharan Africa,Southern Africa,2.96206E+11,56.16739447,14797000,67.679,60.726,0.9054,59308690,46.75,28.31438065,19.35346031,513440,0,4994.305588,23.83392048,64.2025
South Sudan,Africa,Sub-Saharan Africa,Eastern Africa,10522800760,7.977428907,,59.383,56.351,,11193729,28.45953003,,,58660,0,940.062133,0,57.867
Spain,Europe,Southern Europe,Southern Europe,1.39557E+12,90.71866533,126170000,86.2,80.9,3.8723,47351567,44,99.96835327,82.66291046,326940,1,29472.55426,91.31563187,83.55
Sri Lanka,Asia,Southern Asia,Southern Asia,78522599257,34.1133479,2027000,80.261,73.596,1.0041,21919000,5.381165919,26.01553917,16.21982002,35240,0,3582.398798,21.1176796,76.9285
St. Kitts and Nevis,Americas,Latin America and the Caribbean,Caribbean,914351566.9,80.71019081,1107000,74,68.8,2.6758,53192,25,115.8808899,57.72637939,370,1,17189.64444,86.80363464,71.4
St. Lucia,Americas,Latin America and the Caribbean,Caribbean,1605087491,50.81524478,1220000,77.58,74.851,0.6409,183629,16.66666667,20.88139915,9.857139587,740,0,8740.925949,15.36926937,76.2155
St. Martin (French part),Americas,Latin America and the Caribbean,Caribbean,,,,83.2,76.9,,38659,,,,,0,0,0,80.05
St. Vincent and the Grenadines,Americas,Latin America and the Caribbean,Caribbean,812040777.8,20.68943522,392000,75.131,70.289,0.6648,110947,18.18181818,29.77216911,17.7863102,370,0,7319.177425,23.77923965,72.71
Sudan,Africa,0rthern Africa,0rthern Africa,24416240961,30.87029573,836000,67.187,63.467,0.2618,43849269,30.51643192,17.06071091,16.78053093,109630,0,556.8220752,16.92062092,65.327
Suriname,Americas,Latin America and the Caribbean,South America,3357822880,48.94517397,279000,75.063,68.468,1.2101,586634,29.41176471,15.72609997,9.461009979,3780,0,5723.880443,12.59355497,71.7655
Sweden,Europe,0rthern Europe,0rthern Europe,5.54401E+11,94.49344341,7616000,84.7,81.3,3.984,10353442,46.99140401,89.77929688,56.14540863,46350,1,53547.50061,72.96235275,83
Switzerland,Europe,Western Europe,Western Europe,7.36488E+11,93.14608695,11818000,85.6,81.9,4.2957,8636896,41.5,62.31203079,60.47684097,46020,1,85272.28613,61.39443588,83.75
Syrian Arab Republic,Asia,Western Asia,Western Asia,39715797004,34.25340193,2424000,78.103,67.941,1.2874,17500657,11.2,42.79074097,37.47058868,46320,0,2269.388915,40.13066483,73.022
Tajikistan,Asia,Central Asia,Central Asia,9558305215,21.96,1035000,73.389,68.935,2.1026,9537642,23.80952381,26.85371017,35.47166824,15210,0,1002.166491,31.16268921,71.162
Tanzania,Africa,Sub-Saharan Africa,Eastern Africa,61909170639,15.99999943,1527000,67.233,63.643,0.014,59734213,36.71875,2.453000069,3.727790117,105380,0,1036.410585,3.090395093,65.438
Thailand,Asia,South-eastern Asia,South-eastern Asia,4.87772E+11,66.65241317,39916000,80.9,73.46,0.805,69799978,15.74642127,57.76924133,41.04877853,416950,0,6988.1367,49.40900993,77.18
Timor-Leste,Asia,South-eastern Asia,South-eastern Asia,2438000000,27.49273173,74800.00305,71.635,67.492,0.7224,1318442,38.46153846,14.81589031,20.62519073,6190,0,1849.152257,17.72054052,69.5635
Togo,Africa,Sub-Saharan Africa,Western Africa,7591294395,12.36022497,876000,61.918,60.152,0.0774,8278737,18.68131868,9.708310127,18.30311012,8420,0,916.9628646,14.00571012,61.035
Tonga,Oceania,Polynesia,Polynesia,537659404,41.24872764,94000,72.887,68.967,0.5403,105697,7.407407407,8.011099815,4.827209949,350,0,5086.799096,6.419154882,70.927
Trinidad and Tobago,Americas,Latin America and the Caribbean,Caribbean,21327831527,77.32605293,480000,76.224,70.874,4.1675,1399491,26.19047619,13.36106014,10.5638504,22900,1,15239.7061,11.96245527,73.549
Tunisia,Africa,0rthern Africa,0rthern Africa,38195973107,66.6999983,9429000,78.721,74.688,1.3025,11818618,24.88479263,41.73468018,22.61010933,41100,0,3231.847675,32.17239475,76.7045
Turkey,Asia,Western Asia,Western Asia,7.11418E+11,73.97670403,51747000,80.563,74.724,1.8492,84339067,17.31748727,107.0511932,119.175209,502520,0,8435.212354,113.1132011,77.6435
Turkmenistan,Asia,Central Asia,Central Asia,43575785421,21.25099741,380000,71.717,64.705,2.2247,6031187,25,12.84597969,15.58207035,125080,0,7225.076162,14.21402502,68.211
Turks and Caicos Islands,Americas,Latin America and the Caribbean,Caribbean,1180656430,0,1599000,,,,38718,,0.270029992,0.178409994,2.3167859,1,30493.73496,0.224219993,0
Tuvalu,Oceania,Polynesia,Polynesia,67515587.36,49.31833862,2700.000048,,,0.9174,11792,6.25,,,30,0,5725.541669,0,0
Uganda,Africa,Sub-Saharan Africa,Eastern Africa,36757733549,23.70653091,1402000,65.622,61,0.168,45741000,34.8583878,4.099870205,5.618529797,54870,0,803.6058142,4.859200001,63.311
Ukraine,Europe,Eastern Europe,Eastern Europe,1.57996E+11,62.55315539,13710000,76.98,66.92,2.9923,44134693,20.80378251,88.81465912,76.82852936,274510,0,3579.863559,82.82159424,71.95
United Arab Emirates,Asia,Western Asia,Western Asia,4.23201E+11,99.14999796,21553000,79.314,77.291,2.5278,9890400,50,,,263240,1,42789.04909,0,78.3025
United Kingdom,Europe,0rthern Europe,0rthern Europe,2.77881E+12,92.51662855,40857000,83.1,79.4,2.8117,67215293,33.84615385,71.14698029,51.98603058,452080,1,41342.00486,61.56650543,81.25
United States,Americas,0rthern America,0rthern America,2.169E+13,88.49890317,166009000,81.4,76.3,2.612,329484123,27.46478873,102.3540421,74.89505005,6023620,1,65830.22818,88.62454605,78.85
Uruguay,Americas,Latin America and the Caribbean,South America,50878935887,76.94955197,3480000,81.478,74.119,5.0794,3473727,21.21212121,57.95748901,34.51662064,36160,1,14646.78597,46.23705482,77.7985
Uzbekistan,Asia,Central Asia,Central Asia,57465921184,55.20000067,6749000,73.829,69.592,2.3742,34232050,32,11.3700304,13.74291992,235510,0,1678.71691,12.55647516,71.7105
Vanuatu,Oceania,Melanesia,Melanesia,844714948.9,25.71978784,256000,72.154,68.985,0.1653,307150,0,3.497920036,5.938469887,870,0,2750.17076,4.718194962,70.5695
"Venezuela, RB",Americas,Latin America and the Caribbean,South America,4.76934E+11,64.31336383,429000,76.004,68.327,1.9475,28435943,22.15568862,100.2915878,59.34989929,233920,1,16772.21897,79.82074356,72.1655
Vietnam,Asia,South-eastern Asia,South-eastern Asia,2.56921E+11,68.7,18009000,79.523,71.301,0.8281,97338583,26.72064777,31.71715927,25.52942085,376530,0,2639.452418,28.62329006,75.412
Virgin Islands (U.S.),Americas,Latin America and the Caribbean,Caribbean,,64.3774943,2074000,83.1,76.4,1.645,106290,,,,44.728346,0,0,0,79.75
West Bank and Gaza,Asia,Western Asia,Western Asia,18107200000,70.62260685,688000,75.755,72.416,0.837,4803269,,53.89973831,32.93423843,,0,3769.765966,43.41698837,74.0855
"Yemen, Rep.",Asia,Western Asia,Western Asia,23469269599,26.71835477,398000,67.826,64.443,0.5251,29825968,0.332225914,6.169670105,14.01593018,21760,0,786.8736934,10.09280014,66.1345
Zambia,Africa,Sub-Saharan Africa,Eastern Africa,18797913226,14.2999971,1266000,66.891,60.848,1.1867,18383956,16.76646707,3.501669884,4.750289917,40670,0,1022.517309,4.1259799,63.8695
Zimbabwe,Africa,Sub-Saharan Africa,Eastern Africa,16494622183,27.05548769,2294000,62.899,59.798,0.2096,14862927,31.85185185,9.172129631,10.91965961,31380,0,1109.782897,10.04589462,61.3485
